{"bbox/AP": 8.196559118690583e-05, "bbox/AP-Aortic enlargement": 4.611280222867752e-05, "bbox/AP-Atelectasis": 0.00011065135051044929, "bbox/AP-Calcification": 0.00016114892739273925, "bbox/AP-Cardiomegaly": 0.0, "bbox/AP-Consolidation": 0.0, "bbox/AP-ILD": 0.0, "bbox/AP-Infiltration": 0.0006316430933011646, "bbox/AP-Lung Opacity": 0.00017839621800017842, "bbox/AP-Nodule/Mass": 0.0, "bbox/AP-Other lesion": 0.0, "bbox/AP-Pleural effusion": 0.0, "bbox/AP-Pleural thickening": 1.9565885183472565e-05, "bbox/AP-Pneumothorax": 0.0, "bbox/AP-Pulmonary fibrosis": 0.0, "bbox/AP50": 0.0003464843146900174, "bbox/AP75": 2.083275308752512e-06, "bbox/APl": 0.00021522157638308035, "bbox/APm": 0.0004218986497072259, "bbox/APs": 0.00011940831196605838, "data_time": 0.0006459000001086679, "eta_seconds": 4.489008000018657, "fast_rcnn/cls_accuracy": 0.984375, "fast_rcnn/false_negative": 1.0, "fast_rcnn/fg_cls_accuracy": 0.0, "iteration": 19, "loss_box_reg": 0.13969451934099197, "loss_cls": 2.637141227722168, "loss_rpn_cls": 1.4133461713790894, "loss_rpn_loc": 0.22151253372430801, "lr": 4.7702500000000006e-05, "rank_data_time": 0.0006459000001086679, "roi_head/num_bg_samples": 128.0, "roi_head/num_fg_samples": 0.0, "rpn/num_neg_anchors": 256.0, "rpn/num_pos_anchors": 0.0, "time": 0.056112600000233215, "total_loss": 4.520346336066723, "validation_loss": 2.5043926131452707}
{"bbox/AP": 0.0, "bbox/AP-Aortic enlargement": 0.0, "bbox/AP-Atelectasis": 0.0, "bbox/AP-Calcification": 0.0, "bbox/AP-Cardiomegaly": 0.0, "bbox/AP-Consolidation": 0.0, "bbox/AP-ILD": 0.0, "bbox/AP-Infiltration": 0.0, "bbox/AP-Lung Opacity": 0.0, "bbox/AP-Nodule/Mass": 0.0, "bbox/AP-Other lesion": 0.0, "bbox/AP-Pleural effusion": 0.0, "bbox/AP-Pleural thickening": 0.0, "bbox/AP-Pneumothorax": 0.0, "bbox/AP-Pulmonary fibrosis": 0.0, "bbox/AP50": 0.0, "bbox/AP75": 0.0, "bbox/APl": 0.0, "bbox/APm": 0.0, "bbox/APs": 0.0, "data_time": 0.0010966999998345273, "eta_seconds": 4.396095000010973, "fast_rcnn/cls_accuracy": 1.0, "fast_rcnn/false_negative": 1.0, "fast_rcnn/fg_cls_accuracy": 0.0, "iteration": 39, "loss_box_reg": 0.36332228779792786, "loss_cls": 1.438280999660492, "loss_rpn_cls": 0.6246683597564697, "loss_rpn_loc": 0.25204241275787354, "lr": 9.76525e-05, "rank_data_time": 0.0010966999998345273, "roi_head/num_bg_samples": 128.0, "roi_head/num_fg_samples": 0.0, "rpn/num_neg_anchors": 256.0, "rpn/num_pos_anchors": 0.0, "time": 0.07771450000018376, "total_loss": 2.6931944489479065, "validation_loss": 0.8041353200060646}
{"bbox/AP": 0.01164239416596246, "bbox/AP-Aortic enlargement": 0.013767820609052048, "bbox/AP-Atelectasis": 0.0, "bbox/AP-Calcification": 0.0, "bbox/AP-Cardiomegaly": 0.00024381839441489224, "bbox/AP-Consolidation": 0.0, "bbox/AP-ILD": 0.0, "bbox/AP-Infiltration": 0.0, "bbox/AP-Lung Opacity": 0.0, "bbox/AP-Nodule/Mass": 0.0, "bbox/AP-Other lesion": 0.00046702783485895753, "bbox/AP-Pleural effusion": 0.0, "bbox/AP-Pleural thickening": 0.0, "bbox/AP-Pneumothorax": 0.1485148514851485, "bbox/AP-Pulmonary fibrosis": 0.0, "bbox/AP50": 0.039297295455553494, "bbox/AP75": 0.00031175069527191476, "bbox/APl": 0.04526858553826042, "bbox/APm": 0.0014167683614651804, "bbox/APs": 0.011246008892636255, "data_time": 0.0009550499999022577, "eta_seconds": 3.050595999993675, "fast_rcnn/cls_accuracy": 1.0, "fast_rcnn/false_negative": 1.0, "fast_rcnn/fg_cls_accuracy": 0.0, "iteration": 59, "loss_box_reg": 0.28047558665275574, "loss_cls": 0.8299588859081268, "loss_rpn_cls": 0.3630722165107727, "loss_rpn_loc": 0.1566753312945366, "lr": 0.0001476025, "rank_data_time": 0.0009550499999022577, "roi_head/num_bg_samples": 128.0, "roi_head/num_fg_samples": 0.0, "rpn/num_neg_anchors": 256.0, "rpn/num_pos_anchors": 0.0, "time": 0.08131940000021132, "total_loss": 1.7466593608260155, "validation_loss": 0.7637796273180866}
{"bbox/AP": 0.06930984285454371, "bbox/AP-Aortic enlargement": 0.9313290510463521, "bbox/AP-Atelectasis": 0.0, "bbox/AP-Calcification": 0.0, "bbox/AP-Cardiomegaly": 0.039008748917260035, "bbox/AP-Consolidation": 0.0, "bbox/AP-ILD": 0.0, "bbox/AP-Infiltration": 0.0, "bbox/AP-Lung Opacity": 0.0, "bbox/AP-Nodule/Mass": 0.0, "bbox/AP-Other lesion": 0.0, "bbox/AP-Pleural effusion": 0.0, "bbox/AP-Pleural thickening": 0.0, "bbox/AP-Pneumothorax": 0.0, "bbox/AP-Pulmonary fibrosis": 0.0, "bbox/AP50": 0.2704007654237487, "bbox/AP75": 0.013533761022610164, "bbox/APl": 0.0, "bbox/APm": 0.036285934115812886, "bbox/APs": 0.2675564532814609, "data_time": 0.0008975999999165651, "eta_seconds": 1.5015459999995073, "fast_rcnn/cls_accuracy": 1.0, "fast_rcnn/false_negative": 1.0, "fast_rcnn/fg_cls_accuracy": 0.0, "iteration": 79, "loss_box_reg": 0.3564958721399307, "loss_cls": 0.6883485019207001, "loss_rpn_cls": 0.2896001935005188, "loss_rpn_loc": 0.14873454719781876, "lr": 0.00019755250000000002, "rank_data_time": 0.0008975999999165651, "roi_head/num_bg_samples": 128.0, "roi_head/num_fg_samples": 0.0, "rpn/num_neg_anchors": 256.0, "rpn/num_pos_anchors": 0.0, "time": 0.07166045000030863, "total_loss": 1.5985632836818695, "validation_loss": 0.7204023096679594}
{"data_time": 0.0013100000005579204, "eta_seconds": 0.0, "fast_rcnn/cls_accuracy": 1.0, "fast_rcnn/false_negative": 1.0, "fast_rcnn/fg_cls_accuracy": 0.0, "iteration": 99, "loss_box_reg": 0.515036940574646, "loss_cls": 0.7945892512798309, "loss_rpn_cls": 0.25271134823560715, "loss_rpn_loc": 0.11551537364721298, "lr": 0.0002475025, "rank_data_time": 0.0013100000005579204, "roi_head/num_bg_samples": 128.0, "roi_head/num_fg_samples": 0.0, "rpn/num_neg_anchors": 256.0, "rpn/num_pos_anchors": 0.0, "time": 0.13634190000084345, "total_loss": 1.7959659211337566, "validation_loss": 0.7159613077197573}
{"bbox/AP": 0.34058356066691703, "bbox/AP-Aortic enlargement": 4.110766711308197, "bbox/AP-Atelectasis": 0.0, "bbox/AP-Calcification": 0.0, "bbox/AP-Cardiomegaly": 0.6572012268475341, "bbox/AP-Consolidation": 0.0, "bbox/AP-ILD": 0.0, "bbox/AP-Infiltration": 0.0, "bbox/AP-Lung Opacity": 0.0, "bbox/AP-Nodule/Mass": 0.0, "bbox/AP-Other lesion": 0.0, "bbox/AP-Pleural effusion": 0.0, "bbox/AP-Pleural thickening": 0.0, "bbox/AP-Pneumothorax": 0.0, "bbox/AP-Pulmonary fibrosis": 0.00020191118110698728, "bbox/AP50": 1.1090219436983775, "bbox/AP75": 0.12975414628454893, "bbox/APl": 3.351042475803798e-05, "bbox/APm": 0.3042961912675364, "bbox/APs": 0.4496954644478089, "iteration": 100}
{"bbox/AP": 9.042628630535893e-05, "bbox/AP-Aortic enlargement": 0.00032729025744955407, "bbox/AP-Atelectasis": 0.00020435480080515788, "bbox/AP-Calcification": 0.0002335492565215766, "bbox/AP-Cardiomegaly": 2.611020595730459e-05, "bbox/AP-Consolidation": 0.0, "bbox/AP-ILD": 0.00011526181721781025, "bbox/AP-Infiltration": 8.735332065029553e-05, "bbox/AP-Lung Opacity": 0.0, "bbox/AP-Nodule/Mass": 0.0, "bbox/AP-Other lesion": 0.00022536455680915372, "bbox/AP-Pleural effusion": 0.0, "bbox/AP-Pleural thickening": 0.0, "bbox/AP-Pneumothorax": 0.0, "bbox/AP-Pulmonary fibrosis": 4.6683792864172395e-05, "bbox/AP50": 0.0004971194750240507, "bbox/AP75": 4.597508517911854e-06, "bbox/APl": 0.001096434993636168, "bbox/APm": 5.851795487653187e-05, "bbox/APs": 0.00020422255953421865, "data_time": 0.000752649997593835, "eta_seconds": 4.683479999948759, "fast_rcnn/cls_accuracy": 1.0, "fast_rcnn/false_negative": 1.0, "fast_rcnn/fg_cls_accuracy": 0.0, "iteration": 19, "loss_box_reg": 0.15603015571832657, "loss_cls": 2.5626327991485596, "loss_rpn_cls": 1.0904738903045654, "loss_rpn_loc": 0.08477886021137238, "lr": 4.7702500000000006e-05, "rank_data_time": 0.000752649997593835, "roi_head/num_bg_samples": 128.0, "roi_head/num_fg_samples": 0.0, "rpn/num_neg_anchors": 256.0, "rpn/num_pos_anchors": 0.0, "time": 0.05854349999935948, "total_loss": 3.999082237482071, "validation_loss": 2.4975966153266005}
{"bbox/AP": 5.614240651576969e-05, "bbox/AP-Aortic enlargement": 0.0, "bbox/AP-Atelectasis": 0.0, "bbox/AP-Calcification": 0.0, "bbox/AP-Cardiomegaly": 0.0, "bbox/AP-Consolidation": 0.0, "bbox/AP-ILD": 0.00035234840209999647,